<vendor-license-model xmlns="http://xmlns.openecomp.org/asdc/license-model/1.0"><vendor-name>vlmName DA8E63B6156B493C8EE63037BD46FFC2</vendor-name><entitlement-pool-list><entitlement-pool><entitlement-pool-invariant-uuid>F2CB132591304FA78F7949469498CB5E</entitlement-pool-invariant-uuid><entitlement-pool-uuid>C4FAB6DDCED34D1CA56BD0D24F78867D</entitlement-pool-uuid><version>1.0</version><name/><description/><increments/><manufacturer-reference-number/><threshold-value><unit/><value>0</value></threshold-value><entitlement-metric><value/></entitlement-metric><time><value/></time><aggregation-function><value/></aggregation-function></entitlement-pool></entitlement-pool-list><license-key-group-list/></vendor-license-model>