<vf-license-model xmlns="http://xmlns.openecomp.org/asdc/license-model/1.0"><vendor-name>vlmName DA8E63B6156B493C8EE63037BD46FFC2</vendor-name><vf-id>20677ABD91B04D5FBCCF5EB1F9173B78</vf-id><feature-group-list><feature-group><entitlement-pool-list><entitlement-pool><name/><description/><increments/><manufacturer-reference-number/><entitlement-pool-uuid>C4FAB6DDCED34D1CA56BD0D24F78867D</entitlement-pool-uuid><threshold-value><unit/><value>0</value></threshold-value><entitlement-metric><value/></entitlement-metric><time><value/></time><aggregation-function><value/></aggregation-function></entitlement-pool></entitlement-pool-list><license-key-group-list/><feature-group-uuid>B7306FCF1F084389ACBA70209CBE48D3</feature-group-uuid><name/><description/><part-number/></feature-group></feature-group-list></vf-license-model>